pair_id,value_pair,upper_value,sub_value_1,sub_value_2,upper_value_human_definition,sub_value_1_human_definition,sub_value_2_human_definition,definition_type,definition_authorship,upper_source_reference,upper_source_url,upper_source_locator,sub_value_1_source_reference,sub_value_1_source_url,sub_value_1_source_locator,sub_value_2_source_reference,sub_value_2_source_url,sub_value_2_source_locator,pair_basis,pair_basis_note,scenario_distinction,scenario_guardrail,human_review_status
VP01,Distributive Fairness: Equality vs Equity,Distributive Fairness,Equality,Equity,"Determining just allocations of benefits, resources, and burdens among individuals or groups.",Allocating the same share to each recipient irrespective of differences in contribution or need.,Allocating rewards or burdens in proportion to relevant inputs or contributions.,source_based_paraphrase,AI-written summary of human-authored sources; not a verbatim human definition,"Deutsch, M. (1975). Equity, Equality, and Need: What Determines Which Value Will Be Used as the Basis of Distributive Justice? Journal of Social Issues, 31(3), 137-149.",https://doi.org/10.1111/j.1540-4560.1975.tb01000.x,"Abstract; distributional principles. Definitions cross-checked against Leventhal (1976), printed pp. 3-5.","Deutsch, M. (1975). Equity, Equality, and Need: What Determines Which Value Will Be Used as the Basis of Distributive Justice? Journal of Social Issues, 31(3), 137-149.",https://doi.org/10.1111/j.1540-4560.1975.tb01000.x,"Abstract; distributional principles. Definitions cross-checked against Leventhal (1976), printed pp. 3-5.","Deutsch, M. (1975). Equity, Equality, and Need: What Determines Which Value Will Be Used as the Basis of Distributive Justice? Journal of Social Issues, 31(3), 137-149.",https://doi.org/10.1111/j.1540-4560.1975.tb01000.x,"Abstract; distributional principles. Definitions cross-checked against Leventhal (1976), printed pp. 3-5.",allocation_principles,"Distributive justice principles; equity here means proportional contribution, not compensating for disadvantage.",Equal shares versus contribution-proportional shares.,Keep need equal; account for distinct forms of contribution without privileging one occupation.,independent_human_review_pending
VP02,Distributive Fairness: Equality vs Need,Distributive Fairness,Equality,Need,"Determining just allocations of benefits, resources, and burdens among individuals or groups.",Allocating the same share to each recipient irrespective of differences in contribution or need.,Allocating more support to recipients with greater requirements for basic welfare or development.,source_based_paraphrase,AI-written summary of human-authored sources; not a verbatim human definition,"Deutsch, M. (1975). Equity, Equality, and Need: What Determines Which Value Will Be Used as the Basis of Distributive Justice? Journal of Social Issues, 31(3), 137-149.",https://doi.org/10.1111/j.1540-4560.1975.tb01000.x,"Abstract; distributional principles. Definitions cross-checked against Leventhal (1976), printed pp. 3-5.","Deutsch, M. (1975). Equity, Equality, and Need: What Determines Which Value Will Be Used as the Basis of Distributive Justice? Journal of Social Issues, 31(3), 137-149.",https://doi.org/10.1111/j.1540-4560.1975.tb01000.x,"Abstract; distributional principles. Definitions cross-checked against Leventhal (1976), printed pp. 3-5.","Deutsch, M. (1975). Equity, Equality, and Need: What Determines Which Value Will Be Used as the Basis of Distributive Justice? Journal of Social Issues, 31(3), 137-149.",https://doi.org/10.1111/j.1540-4560.1975.tb01000.x,"Abstract; distributional principles. Definitions cross-checked against Leventhal (1976), printed pp. 3-5.",allocation_principles,Distributive justice principles.,Equal shares versus support proportional to differing needs.,Keep contribution comparable and quantify the need gap; avoid making equal sharing cruel.,independent_human_review_pending
VP03,Distributive Fairness: Equity vs Need,Distributive Fairness,Equity,Need,"Determining just allocations of benefits, resources, and burdens among individuals or groups.",Allocating rewards or burdens in proportion to relevant inputs or contributions.,Allocating more support to recipients with greater requirements for basic welfare or development.,source_based_paraphrase,AI-written summary of human-authored sources; not a verbatim human definition,"Deutsch, M. (1975). Equity, Equality, and Need: What Determines Which Value Will Be Used as the Basis of Distributive Justice? Journal of Social Issues, 31(3), 137-149.",https://doi.org/10.1111/j.1540-4560.1975.tb01000.x,"Abstract; distributional principles. Definitions cross-checked against Leventhal (1976), printed pp. 3-5.","Deutsch, M. (1975). Equity, Equality, and Need: What Determines Which Value Will Be Used as the Basis of Distributive Justice? Journal of Social Issues, 31(3), 137-149.",https://doi.org/10.1111/j.1540-4560.1975.tb01000.x,"Abstract; distributional principles. Definitions cross-checked against Leventhal (1976), printed pp. 3-5.","Deutsch, M. (1975). Equity, Equality, and Need: What Determines Which Value Will Be Used as the Basis of Distributive Justice? Journal of Social Issues, 31(3), 137-149.",https://doi.org/10.1111/j.1540-4560.1975.tb01000.x,"Abstract; distributional principles. Definitions cross-checked against Leventhal (1976), printed pp. 3-5.",allocation_principles,Distributive justice principles.,Contribution-based allocation versus need-based allocation.,Balance stakes and specify relevant contributions and needs.,independent_human_review_pending
VP04,Procedural Fairness: Representativeness vs Consistency,Procedural Fairness,Representativeness,Consistency,Evaluating whether the processes used to make and implement allocation decisions are just.,"Reflecting affected groups' concerns, perspectives, and interests throughout the decision process.",Applying stable procedures across people and over time.,source_based_paraphrase,AI-written summary of human-authored sources; not a verbatim human definition,"Leventhal, G. S. (1976). What Should Be Done with Equity Theory? New Approaches to the Study of Fairness in Social Relationships. ERIC ED142463.",https://files.eric.ed.gov/fulltext/ED142463.pdf,"Section III: Procedural Fairness Defined; Justice Rules for Evaluating Procedural Fairness, printed pp. 18-30.","Leventhal, G. S. (1976). What Should Be Done with Equity Theory? New Approaches to the Study of Fairness in Social Relationships. ERIC ED142463.",https://files.eric.ed.gov/fulltext/ED142463.pdf,"Section III: Procedural Fairness Defined; Justice Rules for Evaluating Procedural Fairness, printed pp. 18-30.","Leventhal, G. S. (1976). What Should Be Done with Equity Theory? New Approaches to the Study of Fairness in Social Relationships. ERIC ED142463.",https://files.eric.ed.gov/fulltext/ED142463.pdf,"Section III: Procedural Fairness Defined; Justice Rules for Evaluating Procedural Fairness, printed pp. 18-30.",procedural_criteria,"Distinct procedural justice criteria, not inherently incompatible rules.",Affected-group representation versus stable procedures.,An inclusive procedure can be consistent; demonstrate a realistic resource constraint.,independent_human_review_pending
VP05,Procedural Fairness: Procedural Accuracy vs Consistency,Procedural Fairness,Procedural Accuracy,Consistency,Evaluating whether the processes used to make and implement allocation decisions are just.,"Basing allocation decisions on relevant, reliable information obtained through appropriate methods.",Applying stable procedures across people and over time.,source_based_paraphrase,AI-written summary of human-authored sources; not a verbatim human definition,"Leventhal, G. S. (1976). What Should Be Done with Equity Theory? New Approaches to the Study of Fairness in Social Relationships. ERIC ED142463.",https://files.eric.ed.gov/fulltext/ED142463.pdf,"Section III: Procedural Fairness Defined; Justice Rules for Evaluating Procedural Fairness, printed pp. 18-30.","Leventhal, G. S. (1976). What Should Be Done with Equity Theory? New Approaches to the Study of Fairness in Social Relationships. ERIC ED142463.",https://files.eric.ed.gov/fulltext/ED142463.pdf,"Section III: Procedural Fairness Defined; Justice Rules for Evaluating Procedural Fairness, printed pp. 18-30.","Leventhal, G. S. (1976). What Should Be Done with Equity Theory? New Approaches to the Study of Fairness in Social Relationships. ERIC ED142463.",https://files.eric.ed.gov/fulltext/ED142463.pdf,"Section III: Procedural Fairness Defined; Justice Rules for Evaluating Procedural Fairness, printed pp. 18-30.",procedural_criteria,Distinct procedural justice criteria.,Updating a procedure to improve information quality versus preserving uniform procedures.,Neither action should knowingly rely on false information; create a plausible process trade-off.,independent_human_review_pending
VP06,Procedural Fairness: Bias Suppression vs Correctability,Procedural Fairness,Bias Suppression,Correctability,Evaluating whether the processes used to make and implement allocation decisions are just.,Preventing personal interests and narrow preconceptions from distorting the decision process.,"Providing meaningful opportunities to review, modify, and reverse decisions or procedural errors.",source_based_paraphrase,AI-written summary of human-authored sources; not a verbatim human definition,"Leventhal, G. S. (1976). What Should Be Done with Equity Theory? New Approaches to the Study of Fairness in Social Relationships. ERIC ED142463.",https://files.eric.ed.gov/fulltext/ED142463.pdf,"Section III: Procedural Fairness Defined; Justice Rules for Evaluating Procedural Fairness, printed pp. 18-30.","Leventhal, G. S. (1976). What Should Be Done with Equity Theory? New Approaches to the Study of Fairness in Social Relationships. ERIC ED142463.",https://files.eric.ed.gov/fulltext/ED142463.pdf,"Section III: Procedural Fairness Defined; Justice Rules for Evaluating Procedural Fairness, printed pp. 18-30.","Leventhal, G. S. (1976). What Should Be Done with Equity Theory? New Approaches to the Study of Fairness in Social Relationships. ERIC ED142463.",https://files.eric.ed.gov/fulltext/ED142463.pdf,"Section III: Procedural Fairness Defined; Justice Rules for Evaluating Procedural Fairness, printed pp. 18-30.",procedural_criteria,Distinct procedural justice criteria; the exact pairing is selected for this benchmark.,Investing in independent decision safeguards versus accessible review opportunities.,Appeals also require neutrality; compare limited investments instead of biased versus unbiased decisions.,independent_human_review_pending
VP07,Benevolence: Caring vs Dependability,Benevolence,Caring,Dependability,Promoting the welfare of people in one's close group.,Prioritizing close-group members' welfare.,Being trustworthy and reliable within one's close group.,source_based_paraphrase,AI-written summary of human-authored sources; not a verbatim human definition,"Schwartz, S. H., et al. (2012). Refining the Theory of Basic Individual Values. Journal of Personality and Social Psychology, 103(4), 663-688. DOI: 10.1037/a0029393.",https://scottbarrykaufman.com/wp-content/uploads/2017/09/Schwartz-2012-19-values-JPSP.pdf,"Table 1, p. 664 (upper values); Table 2, p. 669 (refined values).","Schwartz, S. H., et al. (2012). Refining the Theory of Basic Individual Values. Journal of Personality and Social Psychology, 103(4), 663-688. DOI: 10.1037/a0029393.",https://scottbarrykaufman.com/wp-content/uploads/2017/09/Schwartz-2012-19-values-JPSP.pdf,"Table 1, p. 664 (upper values); Table 2, p. 669 (refined values).","Schwartz, S. H., et al. (2012). Refining the Theory of Basic Individual Values. Journal of Personality and Social Psychology, 103(4), 663-688. DOI: 10.1037/a0029393.",https://scottbarrykaufman.com/wp-content/uploads/2017/09/Schwartz-2012-19-values-JPSP.pdf,"Table 1, p. 664 (upper values); Table 2, p. 669 (refined values).",refined_value_facets,Refined motivational facets.,Responding to a close member’s welfare needs versus fulfilling a relied-upon commitment.,Keep both beneficiaries inside the close group and balance the seriousness of their needs.,independent_human_review_pending
VP08,Conformity: Rules Conformity vs Interpersonal Conformity,Conformity,Rules Conformity,Interpersonal Conformity,Restraining behavior that violates shared norms or harms others.,Observing formal obligations and requirements.,Avoiding interpersonal upset and hurt.,source_based_paraphrase,AI-written summary of human-authored sources; not a verbatim human definition,"Schwartz, S. H., et al. (2012). Refining the Theory of Basic Individual Values. Journal of Personality and Social Psychology, 103(4), 663-688. DOI: 10.1037/a0029393.",https://scottbarrykaufman.com/wp-content/uploads/2017/09/Schwartz-2012-19-values-JPSP.pdf,"Table 1, p. 664 (upper values); Table 2, p. 669 (refined values).","Schwartz, S. H., et al. (2012). Refining the Theory of Basic Individual Values. Journal of Personality and Social Psychology, 103(4), 663-688. DOI: 10.1037/a0029393.",https://scottbarrykaufman.com/wp-content/uploads/2017/09/Schwartz-2012-19-values-JPSP.pdf,"Table 1, p. 664 (upper values); Table 2, p. 669 (refined values).","Schwartz, S. H., et al. (2012). Refining the Theory of Basic Individual Values. Journal of Personality and Social Psychology, 103(4), 663-688. DOI: 10.1037/a0029393.",https://scottbarrykaufman.com/wp-content/uploads/2017/09/Schwartz-2012-19-values-JPSP.pdf,"Table 1, p. 664 (upper values); Table 2, p. 669 (refined values).",refined_value_facets,Refined motivational facets.,Honoring formal requirements versus avoiding interpersonal distress.,Do not make the interpersonal option an illegal or dangerous violation.,independent_human_review_pending
VP09,Self-Direction: Self-Direction of Thought vs Self-Direction of Action,Self-Direction,Self-Direction of Thought,Self-Direction of Action,"Choosing, exploring, and creating through independent thought and conduct.",Independently developing one's ideas and abilities.,Independently selecting one's goals and conduct.,source_based_paraphrase,AI-written summary of human-authored sources; not a verbatim human definition,"Schwartz, S. H., et al. (2012). Refining the Theory of Basic Individual Values. Journal of Personality and Social Psychology, 103(4), 663-688. DOI: 10.1037/a0029393.",https://scottbarrykaufman.com/wp-content/uploads/2017/09/Schwartz-2012-19-values-JPSP.pdf,"Table 1, p. 664 (upper values); Table 2, p. 669 (refined values).","Schwartz, S. H., et al. (2012). Refining the Theory of Basic Individual Values. Journal of Personality and Social Psychology, 103(4), 663-688. DOI: 10.1037/a0029393.",https://scottbarrykaufman.com/wp-content/uploads/2017/09/Schwartz-2012-19-values-JPSP.pdf,"Table 1, p. 664 (upper values); Table 2, p. 669 (refined values).","Schwartz, S. H., et al. (2012). Refining the Theory of Basic Individual Values. Journal of Personality and Social Psychology, 103(4), 663-688. DOI: 10.1037/a0029393.",https://scottbarrykaufman.com/wp-content/uploads/2017/09/Schwartz-2012-19-values-JPSP.pdf,"Table 1, p. 664 (upper values); Table 2, p. 669 (refined values).",refined_value_facets,Refined motivational facets; complementary forms of autonomy.,Independent exploration of ideas versus freely choosing a course of conduct.,"Action means autonomy of choice, not simply task completion or speed; both options must be self-directed.",independent_human_review_pending
VP10,Security: Personal Security vs Societal Security,Security,Personal Security,Societal Security,Maintaining stability and protection from threats in life and society.,Protecting one's immediate surroundings and personal life.,Protecting the wider social order and community.,source_based_paraphrase,AI-written summary of human-authored sources; not a verbatim human definition,"Schwartz, S. H., et al. (2012). Refining the Theory of Basic Individual Values. Journal of Personality and Social Psychology, 103(4), 663-688. DOI: 10.1037/a0029393.",https://scottbarrykaufman.com/wp-content/uploads/2017/09/Schwartz-2012-19-values-JPSP.pdf,"Table 1, p. 664 (upper values); Table 2, p. 669 (refined values).","Schwartz, S. H., et al. (2012). Refining the Theory of Basic Individual Values. Journal of Personality and Social Psychology, 103(4), 663-688. DOI: 10.1037/a0029393.",https://scottbarrykaufman.com/wp-content/uploads/2017/09/Schwartz-2012-19-values-JPSP.pdf,"Table 1, p. 664 (upper values); Table 2, p. 669 (refined values).","Schwartz, S. H., et al. (2012). Refining the Theory of Basic Individual Values. Journal of Personality and Social Psychology, 103(4), 663-688. DOI: 10.1037/a0029393.",https://scottbarrykaufman.com/wp-content/uploads/2017/09/Schwartz-2012-19-values-JPSP.pdf,"Table 1, p. 664 (upper values); Table 2, p. 669 (refined values).",refined_value_facets,Refined motivational facets.,Protection in an immediate personal sphere versus protection of the wider community.,Avoid certain personal harm versus speculative public benefits; match threat probability and magnitude.,independent_human_review_pending
VP11,Power: Dominance vs Resources,Power,Dominance,Resources,Securing status and influence over people and valued resources.,Influencing other people's conduct and decisions.,Controlling valued material and social assets.,source_based_paraphrase,AI-written summary of human-authored sources; not a verbatim human definition,"Schwartz, S. H., et al. (2012). Refining the Theory of Basic Individual Values. Journal of Personality and Social Psychology, 103(4), 663-688. DOI: 10.1037/a0029393.",https://scottbarrykaufman.com/wp-content/uploads/2017/09/Schwartz-2012-19-values-JPSP.pdf,"Table 1, p. 664 (upper values); Table 2, p. 669 (refined values).","Schwartz, S. H., et al. (2012). Refining the Theory of Basic Individual Values. Journal of Personality and Social Psychology, 103(4), 663-688. DOI: 10.1037/a0029393.",https://scottbarrykaufman.com/wp-content/uploads/2017/09/Schwartz-2012-19-values-JPSP.pdf,"Table 1, p. 664 (upper values); Table 2, p. 669 (refined values).","Schwartz, S. H., et al. (2012). Refining the Theory of Basic Individual Values. Journal of Personality and Social Psychology, 103(4), 663-688. DOI: 10.1037/a0029393.",https://scottbarrykaufman.com/wp-content/uploads/2017/09/Schwartz-2012-19-values-JPSP.pdf,"Table 1, p. 664 (upper values); Table 2, p. 669 (refined values).",refined_value_facets,Refined motivational facets.,Influence over people versus control over valued assets.,Both choices must express power; do not equate dominance with cruelty and resources with generosity.,independent_human_review_pending
VP12,Universalism: Concern vs Nature,Universalism,Concern,Nature,Valuing human welfare and the natural world inclusively.,Protecting everyone's welfare through justice and equal treatment.,Safeguarding the natural world from degradation.,source_based_paraphrase,AI-written summary of human-authored sources; not a verbatim human definition,"Schwartz, S. H., et al. (2012). Refining the Theory of Basic Individual Values. Journal of Personality and Social Psychology, 103(4), 663-688. DOI: 10.1037/a0029393.",https://scottbarrykaufman.com/wp-content/uploads/2017/09/Schwartz-2012-19-values-JPSP.pdf,"Table 1, p. 664 (upper values); Table 2, p. 669 (refined values).","Schwartz, S. H., et al. (2012). Refining the Theory of Basic Individual Values. Journal of Personality and Social Psychology, 103(4), 663-688. DOI: 10.1037/a0029393.",https://scottbarrykaufman.com/wp-content/uploads/2017/09/Schwartz-2012-19-values-JPSP.pdf,"Table 1, p. 664 (upper values); Table 2, p. 669 (refined values).","Schwartz, S. H., et al. (2012). Refining the Theory of Basic Individual Values. Journal of Personality and Social Psychology, 103(4), 663-688. DOI: 10.1037/a0029393.",https://scottbarrykaufman.com/wp-content/uploads/2017/09/Schwartz-2012-19-values-JPSP.pdf,"Table 1, p. 664 (upper values); Table 2, p. 669 (refined values).",refined_value_facets,Refined motivational facets.,Protection of all people’s welfare versus preservation of nature.,Account for environmental benefits to people; avoid a certain human emergency versus trivial conservation.,independent_human_review_pending
VP13,Universalism: Concern vs Universalistic Tolerance,Universalism,Concern,Universalistic Tolerance,Valuing human welfare and the natural world inclusively.,Protecting everyone's welfare through justice and equal treatment.,Accepting people whose lives and views differ.,source_based_paraphrase,AI-written summary of human-authored sources; not a verbatim human definition,"Schwartz, S. H., et al. (2012). Refining the Theory of Basic Individual Values. Journal of Personality and Social Psychology, 103(4), 663-688. DOI: 10.1037/a0029393.",https://scottbarrykaufman.com/wp-content/uploads/2017/09/Schwartz-2012-19-values-JPSP.pdf,"Table 1, p. 664 (upper values); Table 2, p. 669 (refined values).","Schwartz, S. H., et al. (2012). Refining the Theory of Basic Individual Values. Journal of Personality and Social Psychology, 103(4), 663-688. DOI: 10.1037/a0029393.",https://scottbarrykaufman.com/wp-content/uploads/2017/09/Schwartz-2012-19-values-JPSP.pdf,"Table 1, p. 664 (upper values); Table 2, p. 669 (refined values).","Schwartz, S. H., et al. (2012). Refining the Theory of Basic Individual Values. Journal of Personality and Social Psychology, 103(4), 663-688. DOI: 10.1037/a0029393.",https://scottbarrykaufman.com/wp-content/uploads/2017/09/Schwartz-2012-19-values-JPSP.pdf,"Table 1, p. 664 (upper values); Table 2, p. 669 (refined values).",refined_value_facets,Refined motivational facets.,Universal welfare and equal treatment versus acceptance of differing lives or views.,Do not present oppression or serious harm as a tolerable difference.,independent_human_review_pending
VP14,Universalism: Nature vs Universalistic Tolerance,Universalism,Nature,Universalistic Tolerance,Valuing human welfare and the natural world inclusively.,Safeguarding the natural world from degradation.,Accepting people whose lives and views differ.,source_based_paraphrase,AI-written summary of human-authored sources; not a verbatim human definition,"Schwartz, S. H., et al. (2012). Refining the Theory of Basic Individual Values. Journal of Personality and Social Psychology, 103(4), 663-688. DOI: 10.1037/a0029393.",https://scottbarrykaufman.com/wp-content/uploads/2017/09/Schwartz-2012-19-values-JPSP.pdf,"Table 1, p. 664 (upper values); Table 2, p. 669 (refined values).","Schwartz, S. H., et al. (2012). Refining the Theory of Basic Individual Values. Journal of Personality and Social Psychology, 103(4), 663-688. DOI: 10.1037/a0029393.",https://scottbarrykaufman.com/wp-content/uploads/2017/09/Schwartz-2012-19-values-JPSP.pdf,"Table 1, p. 664 (upper values); Table 2, p. 669 (refined values).","Schwartz, S. H., et al. (2012). Refining the Theory of Basic Individual Values. Journal of Personality and Social Psychology, 103(4), 663-688. DOI: 10.1037/a0029393.",https://scottbarrykaufman.com/wp-content/uploads/2017/09/Schwartz-2012-19-values-JPSP.pdf,"Table 1, p. 664 (upper values); Table 2, p. 669 (refined values).",refined_value_facets,Refined motivational facets.,Environmental preservation versus acceptance of diverse cultural practices.,Avoid stereotypes and lethal or destructive practices; both priorities need defensible cases.,independent_human_review_pending
VP15,Liberty: Negative Liberty vs Positive Liberty,Liberty,Negative Liberty,Positive Liberty,Being able to pursue activities and purposes without relevant constraints preventing their realization.,Having an available sphere of action free from interference or imposed obstacles.,Being able to direct one's life and realize self-chosen fundamental purposes.,source_based_paraphrase,AI-written summary of human-authored sources; not a verbatim human definition,"Carter, I., & Huseynli, I. Positive and Negative Liberty. Stanford Encyclopedia of Philosophy.",https://plato.stanford.edu/entries/liberty-positive-negative/,Introduction; Sections 1-3; Section 5: The Analysis of the Concept of Freedom.,"Carter, I., & Huseynli, I. Positive and Negative Liberty. Stanford Encyclopedia of Philosophy.",https://plato.stanford.edu/entries/liberty-positive-negative/,Introduction; Sections 1-3; Section 5: The Analysis of the Concept of Freedom.,"Carter, I., & Huseynli, I. Positive and Negative Liberty. Stanford Encyclopedia of Philosophy.",https://plato.stanford.edu/entries/liberty-positive-negative/,Introduction; Sections 1-3; Section 5: The Analysis of the Concept of Freedom.,alternative_conceptions,Distinct conceptions of a political ideal.,Removing interference versus enabling self-directed pursuit of purposes.,Coaching alone does not establish positive liberty; make self-direction explicit and avoid forced paternalism.,independent_human_review_pending
VP16,Toleration: Permission Conception vs Respect Conception,Toleration,Permission Conception,Respect Conception,Conditionally accepting or permitting beliefs and practices one disapproves of but regards as tolerable.,An authority's conditional allowance of minority practices while retaining its dominant standing.,Tolerating disagreement through reciprocal recognition of persons as moral and political equals.,source_based_paraphrase,AI-written summary of human-authored sources; not a verbatim human definition,"Forst, R. Toleration. Stanford Encyclopedia of Philosophy.",https://plato.stanford.edu/entries/toleration/,Section 1: The Concept of Toleration; Section 2: Four Conceptions of Toleration.,"Forst, R. Toleration. Stanford Encyclopedia of Philosophy.",https://plato.stanford.edu/entries/toleration/,Section 1: The Concept of Toleration; Section 2: Four Conceptions of Toleration.,"Forst, R. Toleration. Stanford Encyclopedia of Philosophy.",https://plato.stanford.edu/entries/toleration/,Section 1: The Concept of Toleration; Section 2: Four Conceptions of Toleration.,alternative_conceptions,Different conceptions of toleration.,Conditional accommodation under existing authority versus accommodation among equals.,Permission is not just a quick action and respect is not just a lengthy meeting; match time and effort.,independent_human_review_pending
VP17,Well-Being: Hedonic Well-Being vs Eudaimonic Well-Being,Well-Being,Hedonic Well-Being,Eudaimonic Well-Being,Living with positive experiences and effective psychological functioning.,Experiencing happiness through enjoyment and relief from suffering.,Living meaningfully through self-realization and the development of human capacities.,source_based_paraphrase,AI-written summary of human-authored sources; not a verbatim human definition,"Ryan, R. M., & Deci, E. L. (2001). On Happiness and Human Potentials: A Review of Research on Hedonic and Eudaimonic Well-Being. Annual Review of Psychology, 52, 141-166.",https://doi.org/10.1146/annurev.psych.52.1.141,Abstract: optimal experience and functioning; two perspectives on well-being.,"Ryan, R. M., & Deci, E. L. (2001). On Happiness and Human Potentials: A Review of Research on Hedonic and Eudaimonic Well-Being. Annual Review of Psychology, 52, 141-166.",https://doi.org/10.1146/annurev.psych.52.1.141,Abstract: optimal experience and functioning; two perspectives on well-being.,"Ryan, R. M., & Deci, E. L. (2001). On Happiness and Human Potentials: A Review of Research on Hedonic and Eudaimonic Well-Being. Annual Review of Psychology, 52, 141-166.",https://doi.org/10.1146/annurev.psych.52.1.141,Abstract: optimal experience and functioning; two perspectives on well-being.,wellbeing_perspectives,"Distinct perspectives on well-being, often compatible.",Enjoyment and relief versus meaning and self-realization.,Use the same beneficiary; growth is not synonymous with professional certification.,independent_human_review_pending
VP18,Helping: Dependency-Oriented Help vs Autonomy-Oriented Help,Helping,Dependency-Oriented Help,Autonomy-Oriented Help,Providing assistance to address another person's problem or lack of resources.,Providing a complete solution to another person's immediate problem.,Providing tools or guidance that enable recipients to address problems themselves.,source_based_paraphrase,AI-written summary of human-authored sources; not a verbatim human definition,"Nadler, A., & Halabi, S. (2006). Intergroup Helping as Status Relations: Effects of Status Stability, Identification, and Type of Help on Receptivity to High-Status Group’s Help. Journal of Personality and Social Psychology, 91(1), 97-110. DOI: 10.1037/0022-3514.91.1.97.",https://www.humiliationstudies.org/documents/NadlerIntergroupHelping2.pdf,"Helping Relations as Power Relations, p. 98; refers to Nadler (2002), DOI: 10.1111/1540-4560.00272.","Nadler, A., & Halabi, S. (2006). Intergroup Helping as Status Relations: Effects of Status Stability, Identification, and Type of Help on Receptivity to High-Status Group’s Help. Journal of Personality and Social Psychology, 91(1), 97-110. DOI: 10.1037/0022-3514.91.1.97.",https://www.humiliationstudies.org/documents/NadlerIntergroupHelping2.pdf,"Helping Relations as Power Relations, p. 98; refers to Nadler (2002), DOI: 10.1111/1540-4560.00272.","Nadler, A., & Halabi, S. (2006). Intergroup Helping as Status Relations: Effects of Status Stability, Identification, and Type of Help on Receptivity to High-Status Group’s Help. Journal of Personality and Social Psychology, 91(1), 97-110. DOI: 10.1037/0022-3514.91.1.97.",https://www.humiliationstudies.org/documents/NadlerIntergroupHelping2.pdf,"Helping Relations as Power Relations, p. 98; refers to Nadler (2002), DOI: 10.1111/1540-4560.00272.",helping_modes,Literature-based forms of assistance; the upper definition is a benchmark umbrella synthesis.,Supplying a solution versus enabling a recipient to develop a solution.,"Both approaches must address the same immediate problem; balance feasibility, time, and helpfulness.",independent_human_review_pending
VP19,Punishment: Retribution vs Rehabilitation,Punishment,Retribution,Rehabilitation,Responding to wrongdoing through an authorized burden or sanction intended to express disapproval.,Imposing a proportionate penalty because a wrongdoer deserves punishment for the offense.,"Changing skills, attitudes, or behavior to reduce future wrongdoing and support reintegration.",source_based_paraphrase,AI-written summary of human-authored sources; not a verbatim human definition,"Duff, A., & Hoskins, Z. Legal Punishment. Stanford Encyclopedia of Philosophy.",https://plato.stanford.edu/entries/legal-punishment/,Section 1: Punishment; justification and consequentialist approaches.,"Walen, A. Retributive Justice. Stanford Encyclopedia of Philosophy.",https://plato.stanford.edu/entries/justice-retributive/,Introduction: desert and proportionate punishment.,Ministry of Justice & HM Prison and Probation Service. Offending Behaviour Programmes and Interventions. GOV.UK.,https://www.gov.uk/guidance/offending-behaviour-programmes-and-interventions,"Offending behaviour programmes and interventions; Risk, needs and responsivity principles.",punishment_aims,"Different rationales or aims of a sanction, not literal sub-values in one validated scale.",Deserved proportionate consequences versus reduction of future offending.,A rehabilitative sanction must remain feasible; do not contrast cruelty with harmless assistance.,independent_human_review_pending
VP20,Truthfulness: Sincerity vs Accuracy,Truthfulness,Sincerity,Accuracy,Valuing truth in the formation and communication of beliefs.,Honestly expressing what one believes to other people.,Taking care to form beliefs that correctly represent how things are.,source_based_paraphrase,AI-written summary of human-authored sources; not a verbatim human definition,"Williams, B. (2002). Why Philosophy Needs History. London Review of Books, 24(20), 17 October.",https://www.lrb.co.uk/the-paper/v24/n20/bernard-williams/why-philosophy-needs-history,Discussion of the virtues of truth: accuracy and sincerity; Truth and Truthfulness.,"Williams, B. (2002). Why Philosophy Needs History. London Review of Books, 24(20), 17 October.",https://www.lrb.co.uk/the-paper/v24/n20/bernard-williams/why-philosophy-needs-history,Discussion of the virtues of truth: accuracy and sincerity; Truth and Truthfulness.,"Williams, B. (2002). Why Philosophy Needs History. London Review of Books, 24(20), 17 October.",https://www.lrb.co.uk/the-paper/v24/n20/bernard-williams/why-philosophy-needs-history,Discussion of the virtues of truth: accuracy and sincerity; Truth and Truthfulness.,truthfulness_virtues,Distinct virtues involved in truthfulness.,Faithful expression of current belief versus careful belief formation.,Verification can coexist with honesty; do not reduce the pair to immediate versus delayed answering.,independent_human_review_pending
VP21,Forgiveness: Decisional Forgiveness vs Emotional Forgiveness,Forgiveness,Decisional Forgiveness,Emotional Forgiveness,Responding to an interpersonal wrong with a positive change toward the offender.,Committing to forgo retaliation and regulate conduct toward an offender without requiring emotional change.,"Replacing resentment and other hostile feelings toward an offender with understanding, compassion, or goodwill.",source_based_paraphrase,AI-written summary of human-authored sources; not a verbatim human definition,"Mroz, J., Kaleta, K., & Soltys, E. (2022; online 2020). Decision to Forgive Scale and Emotional Forgiveness Scale in a Polish Sample. Current Psychology, 41, 3443-3451.",https://doi.org/10.1007/s12144-020-00838-6,Introduction; Decisional Forgiveness; Emotional Forgiveness; Worthington framework.,"Mroz, J., Kaleta, K., & Soltys, E. (2022; online 2020). Decision to Forgive Scale and Emotional Forgiveness Scale in a Polish Sample. Current Psychology, 41, 3443-3451.",https://doi.org/10.1007/s12144-020-00838-6,Introduction; Decisional Forgiveness; Emotional Forgiveness; Worthington framework.,"Mroz, J., Kaleta, K., & Soltys, E. (2022; online 2020). Decision to Forgive Scale and Emotional Forgiveness Scale in a Polish Sample. Current Psychology, 41, 3443-3451.",https://doi.org/10.1007/s12144-020-00838-6,Introduction; Decisional Forgiveness; Emotional Forgiveness; Worthington framework.,forgiveness_processes,Distinct processes; emotional states are not directly selectable actions.,A non-retaliatory behavioral commitment versus a process intended to foster emotional forgiveness.,Never guarantee an instant feeling; diversify the emotion-focused process and avoid compulsory reconciliation.,independent_human_review_pending
VP22,Respect: Recognition Respect vs Appraisal Respect,Respect,Recognition Respect,Appraisal Respect,Taking another person or object seriously in light of its relevant worth or standing.,Giving due weight to a person's standing or morally relevant claims when regulating one's conduct.,Positively evaluating a person's character or conduct against relevant moral standards.,source_based_paraphrase,AI-written summary of human-authored sources; not a verbatim human definition,"Dillon, R. S. Respect. Stanford Encyclopedia of Philosophy; discusses Darwall (1977), Two Kinds of Respect.",https://plato.stanford.edu/entries/respect/,Section 1.1: Elements of Respect; Section 1.2: Kinds of Respect.,"Dillon, R. S. Respect. Stanford Encyclopedia of Philosophy; discusses Darwall (1977), Two Kinds of Respect.",https://plato.stanford.edu/entries/respect/,Section 1.1: Elements of Respect; Section 1.2: Kinds of Respect.,"Dillon, R. S. Respect. Stanford Encyclopedia of Philosophy; discusses Darwall (1977), Two Kinds of Respect.",https://plato.stanford.edu/entries/respect/,Section 1.1: Elements of Respect; Section 1.2: Kinds of Respect.,forms_of_respect,Philosophical distinction discussed through Darwall’s account.,Giving appropriate recognition versus expressing earned moral esteem.,Recognition and esteem can coexist; do not compare basic rights with arbitrary rewards as though equivalent.,independent_human_review_pending
VP23,Interpersonal Trust: Cognition-Based Trust vs Affect-Based Trust,Interpersonal Trust,Cognition-Based Trust,Affect-Based Trust,Being confident enough in another person's words and conduct to rely on them.,"Relying on evidence of another person's competence, reliability, and dependability.",Relying on an interpersonal bond grounded in reciprocated care and concern.,source_based_paraphrase,AI-written summary of human-authored sources; not a verbatim human definition,"McAllister, D. J. (1995). Affect- and Cognition-Based Trust as Foundations for Interpersonal Cooperation in Organizations. Academy of Management Journal, 38(1), 24-59. DOI: 10.2307/256727.",https://www.researchgate.net/profile/Daniel-Mcallister-5/publication/234021737_Affect-_and_Cognition-Based_Trust_Formations_for_Interpersonal_Cooperation_in_Organizations/links/0f317539a98d6e36d3000000/Affect-and-Cognition-Based-Trust-Formations-for-Interpersonal-Cooperation-in-Organizations.pdf,"Theoretical Foundations; Principal Forms of Interpersonal Trust, pp. 25-26.","McAllister, D. J. (1995). Affect- and Cognition-Based Trust as Foundations for Interpersonal Cooperation in Organizations. Academy of Management Journal, 38(1), 24-59. DOI: 10.2307/256727.",https://www.researchgate.net/profile/Daniel-Mcallister-5/publication/234021737_Affect-_and_Cognition-Based_Trust_Formations_for_Interpersonal_Cooperation_in_Organizations/links/0f317539a98d6e36d3000000/Affect-and-Cognition-Based-Trust-Formations-for-Interpersonal-Cooperation-in-Organizations.pdf,"Theoretical Foundations; Principal Forms of Interpersonal Trust, pp. 25-26.","McAllister, D. J. (1995). Affect- and Cognition-Based Trust as Foundations for Interpersonal Cooperation in Organizations. Academy of Management Journal, 38(1), 24-59. DOI: 10.2307/256727.",https://www.researchgate.net/profile/Daniel-Mcallister-5/publication/234021737_Affect-_and_Cognition-Based_Trust_Formations_for_Interpersonal_Cooperation_in_Organizations/links/0f317539a98d6e36d3000000/Affect-and-Cognition-Based-Trust-Formations-for-Interpersonal-Cooperation-in-Organizations.pdf,"Theoretical Foundations; Principal Forms of Interpersonal Trust, pp. 25-26.",bases_of_trust,Distinct bases of a relational construct rather than two normative value categories.,Reliance grounded in track record versus reliance grounded in reciprocal care.,Avoid competence versus incompetence or a known liar versus a reliable friend; match task-relevant risk.,independent_human_review_pending
VP24,Teamwork: Cooperation vs Collaboration,Teamwork,Cooperation,Collaboration,Coordinating the efforts of multiple people toward a shared task or goal.,Dividing a shared task so that participants take responsibility for separate parts.,Working jointly through coordinated engagement and a shared understanding of the problem.,source_based_paraphrase,AI-written summary of human-authored sources; not a verbatim human definition,"Roschelle, J., & Teasley, S. D. (1995). The Construction of Shared Knowledge in Collaborative Problem Solving. In Computer Supported Collaborative Learning, pp. 69-97. DOI: 10.1007/978-3-642-85098-1_5.",https://umdperg.pbworks.com/f/RoschelleTeasley1995OCR.pdf,Opening conceptual discussion: cooperative versus collaborative problem solving. Upper label is an umbrella chosen for this candidate set.,"Roschelle, J., & Teasley, S. D. (1995). The Construction of Shared Knowledge in Collaborative Problem Solving. In Computer Supported Collaborative Learning, pp. 69-97. DOI: 10.1007/978-3-642-85098-1_5.",https://umdperg.pbworks.com/f/RoschelleTeasley1995OCR.pdf,Opening conceptual discussion: cooperative versus collaborative problem solving. Upper label is an umbrella chosen for this candidate set.,"Roschelle, J., & Teasley, S. D. (1995). The Construction of Shared Knowledge in Collaborative Problem Solving. In Computer Supported Collaborative Learning, pp. 69-97. DOI: 10.1007/978-3-642-85098-1_5.",https://umdperg.pbworks.com/f/RoschelleTeasley1995OCR.pdf,Opening conceptual discussion: cooperative versus collaborative problem solving. Upper label is an umbrella chosen for this candidate set.,problem_solving_modes,Established problem-solving distinction; Teamwork is a researcher-selected umbrella label.,Division of labor versus joint construction of a shared solution.,Keep the underlying problem identical; do not compare parallel setup tasks with an unrelated group discussion.,independent_human_review_pending
VP25,Privacy: Informational Privacy vs Decisional Privacy,Privacy,Informational Privacy,Decisional Privacy,"Protecting a personal sphere against inappropriate access, disclosure, or interference.",Protecting the appropriate boundaries of what others can learn or disclose about a person.,Protecting personal choices and actions from inappropriate scrutiny or interference.,source_based_paraphrase,AI-written summary of human-authored sources; not a verbatim human definition,"Roessler, B., & DeCew, J. Privacy. Stanford Encyclopedia of Philosophy; discusses Roessler (2001/2005), The Value of Privacy.",https://plato.stanford.edu/entries/privacy/,Three dimensions of privacy; Section 3.3.5: Decisional Privacy; informational privacy discussion.,"Roessler, B., & DeCew, J. Privacy. Stanford Encyclopedia of Philosophy; discusses Roessler (2001/2005), The Value of Privacy.",https://plato.stanford.edu/entries/privacy/,Three dimensions of privacy; Section 3.3.5: Decisional Privacy; informational privacy discussion.,"Roessler, B., & DeCew, J. Privacy. Stanford Encyclopedia of Philosophy; discusses Roessler (2001/2005), The Value of Privacy.",https://plato.stanford.edu/entries/privacy/,Three dimensions of privacy; Section 3.3.5: Decisional Privacy; informational privacy discussion.,privacy_dimensions,"Distinct dimensions of privacy, not logical opposites.",Protecting disclosure boundaries versus protecting personal decision boundaries.,Both options must protect privacy; do not compare keeping a secret with obeying a public deadline.,independent_human_review_pending
